,Makespan,Mean Flow Time,Mean Weighted Tardiness,Max Weighted Tardiness,No. Tardy Jobs P1,No. Tardy Jobs P2,No. Tardy Jobs P3,Mean WIP,Early_Term
0,3885.750758310051,85.90322604255853,36.97058430771295,4172.458659085379,162.8,182.0,25.0,54.76556622022355,0.0
1,6803.189239610755,4145.671168960985,4653.304434358754,20515.528723604286,727.1,530.4,262.8,99.48505458069432,0.5
2,4758.90097945465,2614.5220555221217,2865.673246898533,7072.377872109278,797.1,500.6,148.5,140.1879598731292,0.3
