,Makespan,Mean Flow Time,Mean Weighted Tardiness,Max Weighted Tardiness,No. Tardy Jobs P1,No. Tardy Jobs P2,No. Tardy Jobs P3,Mean WIP,Early_Term
0,3253.901386086092,77.09766845843536,5.297136243765548,530.9671744077774,186.95,30.0,8.083333333333334,49.57269244275643,0.0
