,Makespan,Mean Flow Time,Mean Weighted Tardiness,Max Weighted Tardiness,No. Tardy Jobs P1,No. Tardy Jobs P2,No. Tardy Jobs P3,Mean WIP,Early_Term
0,3245.6540282188325,79.91907161079227,4.762940240571909,273.95474947748426,0.09456740442655935,0.09618573797678276,0.04145936981757877,53.21453420950908,0.0
1,3229.7790282188325,80.92813411079223,0.0,0.0,0.0,0.0,0.0,53.24048174048174,0.0
2,3077.0382890945752,100.6867880440861,15.622835932997848,697.3951722863967,0.46808510638297873,0.09446254071661238,0.011400651465798045,66.80860006466214,0.0
3,3047.0382890945752,92.28486304408601,1.2332113773648934,109.49729741384135,0.0972644376899696,0.03745928338762215,0.0,61.294213263979195,0.0
4,3131.4682067187036,161.13515618415403,80.70345422444258,1688.0975726141332,0.7354124748490946,0.17179902755267423,0.05672609400324149,90.02272727272727,0.0
5,3096.5932067187036,167.56814368415436,50.24070381942825,664.9315373426243,0.7253521126760564,0.3160453808752026,0.0016207455429497568,97.00081766148814,0.0
