,Makespan,Mean Flow Time,Mean Weighted Tardiness,Max Weighted Tardiness,No. Tardy Jobs P1,No. Tardy Jobs P2,No. Tardy Jobs P3,Mean WIP,Early_Term
0,3211.386988714755,82.71697606697876,3.5264111455505605,443.9697725762653,0.09504132231404959,0.08143322475570032,0.02768729641693811,53.94544037412315,0.0
1,3201.3684606696843,82.59792311551455,0.0,0.0,0.0,0.0,0.0,53.37431693989071,0.0
2,3241.6004452531297,108.65147297568663,23.0076140240439,1043.1266037296564,0.48293172690763053,0.10260586319218241,0.030944625407166124,71.54309252217998,0.0
3,3078.1591108044377,96.79642635274035,1.2140091159676432,125.958437342676,0.06526104417670683,0.019543973941368076,0.0,63.28511053315995,0.0
4,3415.6850240339536,198.00143217375793,105.17716928861661,1015.8292862693015,0.916256157635468,0.23424878836833601,0.0210016155088853,115.82618923157345,0.0
5,3301.938979023643,194.55118993115167,70.87319343115011,721.3990978142792,0.8600985221674877,0.3360258481421648,0.014539579967689823,117.25153047644397,0.0
