,Makespan,Mean Flow Time,Mean Weighted Tardiness,Max Weighted Tardiness,No. Tardy Jobs P1,No. Tardy Jobs P2,No. Tardy Jobs P3,Mean WIP,Early_Term
0,3183.551173123367,48.19141704647602,1.9494651646361154,124.71596556873683,0.12848451318937543,0.03626549564265792,0.004599518832503277,31.60032174739608,0.0
1,3198.186173123366,52.4404486714759,0.11629103978941689,21.124022759302463,0.011191573942626275,0.0035013477366301793,0.0001668459153696717,34.28781066772813,0.0
2,3071.5661031837417,67.68337380669882,12.87980916361405,317.1620477737295,0.4714349061228977,0.10794730577721089,0.010211628547236068,45.54405142613521,0.0
3,3055.818103183741,69.39203868169908,3.8880251089004463,208.80197352650924,0.12950360974162828,0.06198099393749826,0.009980833716929654,46.29791359492269,0.0
4,3327.933496774442,123.85307327715788,72.12588860363824,1314.3903712462343,0.8064476523847212,0.29235803354557893,0.060967385138256065,80.17272376278949,0.0
5,3179.5689967744415,123.64618552715802,45.54574524024675,692.7800218821592,0.6688116236767487,0.25675114163473733,0.019265701922428234,80.9391714172062,0.0
