,Makespan,Mean Flow Time,Mean Weighted Tardiness,Max Weighted Tardiness,No. Tardy Jobs P1,No. Tardy Jobs P2,No. Tardy Jobs P3,Mean WIP,Early_Term
0,3203.2422681416792,85.13697952702029,3.5289487924172427,431.35497493273306,0.11983471074380166,0.07654723127035831,0.02280130293159609,55.20358814352574,0.0
1,3181.2211485519642,84.90202736257599,0.008500480178485873,17.000960356971746,0.0010330578512396695,0.0,0.0,54.81964636542239,0.0
2,3221.2787009223894,110.02650274740881,21.142929446685994,937.4501947276349,0.49497991967871485,0.11889250814332247,0.014657980456026058,72.52491272611869,0.0
3,3098.8590108848375,100.08504945158866,1.5543226003029886,164.34126458462833,0.07028112449799197,0.021172638436482084,0.0016286644951140066,65.11028219266947,0.0
4,3864.2849190704937,8290.702418750356,9080.691367456073,2543.2740494760847,0.9818631492168178,0.45355850422195415,0.05790108564535585,164.88141025641025,1.0
5,3327.869834084143,208.64840238113788,85.67377883751601,1237.2627362537287,0.9349753694581281,0.40226171243941844,0.022617124394184167,123.9298245614035,0.0
