,Makespan,Mean Flow Time,Mean Weighted Tardiness,Max Weighted Tardiness,No. Tardy Jobs P1,No. Tardy Jobs P2,No. Tardy Jobs P3,Mean WIP,Early_Term
0,3224.8160445382573,71.6839115659347,1.3960391633031946,241.94730931025092,85.73333333333333,9.133333333333333,4.466666666666667,46.23240414013479,0.0
