,Makespan,Mean Flow Time,Mean Weighted Tardiness,Max Weighted Tardiness,No. Tardy Jobs P1,No. Tardy Jobs P2,No. Tardy Jobs P3,Mean WIP,Early_Term
0,3971.090354279976,64.43798729132821,0.6389365386727678,142.9994318997515,28.86,19.04,3.38,34.59475323607736,0.0
1,3768.0924215132754,66.64591317135017,3.5990681661335655,775.8818576954042,68.48,20.0,8.06,37.81567350133528,0.0
2,3510.111726141306,50.031538290847756,0.692251729226123,336.66126196472425,24.3,2.52,0.98,30.145288939264777,0.0
