,Makespan,Mean Flow Time,Mean Weighted Tardiness,Max Weighted Tardiness,No. Tardy Jobs P1,No. Tardy Jobs P2,No. Tardy Jobs P3,Mean WIP,Early_Term
0,3974.4303242832457,63.705605471186225,0.5790077771929417,132.69055015851455,28.1,19.12,2.66,34.22565892008935,0.0
1,3768.014946281896,65.92081242779781,3.4076223999279422,689.7106697759839,65.36,19.48,8.18,37.3888387719114,0.0
2,3514.2498410369544,49.058617736258654,0.6167661918911763,321.7096656637545,22.84,2.22,0.9,29.62340711891262,0.0
