,Makespan,Mean Flow Time,Mean Weighted Tardiness,Max Weighted Tardiness,No. Tardy Jobs P1,No. Tardy Jobs P2,No. Tardy Jobs P3,Mean WIP,Early_Term
0,3974.698333296372,63.652565168495386,0.5884956939886284,129.90938875300645,27.96,18.0,2.44,34.1941466004814,0.0
1,3768.3859150307107,66.0037207679502,3.391211793399429,721.7181927898798,69.44,18.88,8.36,37.395383819941465,0.0
2,3514.7899987017604,49.01581596432742,0.6386944282208898,328.323937838567,22.28,2.44,0.64,29.547394318632367,0.0
