,Makespan,Mean Flow Time,Mean Weighted Tardiness,Max Weighted Tardiness,No. Tardy Jobs P1,No. Tardy Jobs P2,No. Tardy Jobs P3,Mean WIP,Early_Term
0,3976.904929945141,64.9738152385644,0.8362114796071807,161.337836020296,31.68,22.5,4.6,34.857740666498444,0.0
1,3759.255989748027,68.44229471211526,3.226468139930635,651.0077971067608,86.04,18.26,7.32,38.669969216635465,0.0
2,3517.0140243742835,51.22978482556701,1.086617778713794,507.3677415111121,29.98,3.48,2.28,30.84684282371865,0.0
