,Makespan,Mean Flow Time,Mean Weighted Tardiness,Max Weighted Tardiness,No. Tardy Jobs P1,No. Tardy Jobs P2,No. Tardy Jobs P3,Mean WIP,Early_Term
0,3978.791028718119,64.3284153471403,0.6270340204480802,147.15381089009776,29.06,18.82,3.14,34.54284502750916,0.0
1,3760.4745680649385,66.68711813920753,3.4608142764172296,715.1376971876062,69.52,19.94,8.92,37.813372302298234,0.0
2,3516.8646853777796,49.903685612933025,0.7206742147667424,376.2056576845946,24.82,2.42,1.02,30.071412842901076,0.0
