,Makespan,Mean Flow Time,Mean Weighted Tardiness,Max Weighted Tardiness,No. Tardy Jobs P1,No. Tardy Jobs P2,No. Tardy Jobs P3,Mean WIP,Early_Term
0,3967.0664721633175,63.700093925477276,0.5854000938050907,141.4103891570935,27.2,17.76,2.8,34.22475242780542,0.0
1,3763.590570094188,66.0030310479125,3.4992435301482097,728.8797409620374,66.46,20.28,7.96,37.42708122224232,0.0
2,3514.25912617167,49.01237200153073,0.5918522146205422,268.5993420334189,22.02,2.58,0.84,29.586953562098135,0.0
