,Makespan,Mean Flow Time,Mean Weighted Tardiness,Max Weighted Tardiness,No. Tardy Jobs P1,No. Tardy Jobs P2,No. Tardy Jobs P3,Mean WIP,Early_Term
0,3976.985542318773,65.2992903671422,0.8422146412074802,174.19853446441323,31.06,22.2,4.84,35.04623454098395,0.0
1,3760.109285302065,68.42359041743501,3.193689680179153,640.2494582734776,82.84,18.72,6.64,38.60634742868467,0.0
2,3521.765017365236,51.47441692586935,0.9935379107800063,395.3965752093781,31.9,3.64,1.2,30.95746266712865,0.0
