,Makespan,Mean Flow Time,Mean Weighted Tardiness,Max Weighted Tardiness,No. Tardy Jobs P1,No. Tardy Jobs P2,No. Tardy Jobs P3,Mean WIP,Early_Term
0,3966.5366621137628,64.70887607227128,0.6899191571076813,143.55265846444306,30.22,20.04,3.3,34.75965083622793,0.0
1,3764.569151884249,67.21631301545796,3.350758338482624,681.6991438764265,72.08,20.1,8.0,38.08732246952898,0.0
2,3510.5104164954655,50.45499170604901,0.7892593621189509,344.8608700252428,26.28,2.58,1.48,30.36695906016289,0.0
