,Makespan,Mean Flow Time,Mean Weighted Tardiness,Max Weighted Tardiness,No. Tardy Jobs P1,No. Tardy Jobs P2,No. Tardy Jobs P3,Mean WIP,Early_Term
0,3974.8203423665814,63.82585158127195,0.5873840379285435,136.36839343342547,28.78,18.14,2.76,34.27211514571053,0.0
1,3774.93805214522,65.90432939661758,3.451532512822937,696.8274590655441,67.5,20.1,8.22,37.425047896039594,0.0
2,3515.1066217905664,49.05952073834624,0.6154700531115882,293.8034551275799,23.0,2.76,0.7,29.59154694155525,0.0
