,Makespan,Mean Flow Time,Mean Weighted Tardiness,Max Weighted Tardiness,No. Tardy Jobs P1,No. Tardy Jobs P2,No. Tardy Jobs P3,Mean WIP,Early_Term
0,3970.3462617298646,64.56736708673905,0.6636794327008932,132.77163147724565,30.04,20.0,3.16,34.69092012760118,0.0
1,3761.8762023029344,67.3305662485017,3.4179726684271245,686.7979167994818,74.82,19.94,7.68,38.14474026771267,0.0
2,3512.888226342859,50.19301544559455,0.8023154289446449,400.3299191174696,25.08,2.56,1.66,30.275211225720003,0.0
