,Makespan,Mean Flow Time,Mean Weighted Tardiness,Max Weighted Tardiness,No. Tardy Jobs P1,No. Tardy Jobs P2,No. Tardy Jobs P3,Mean WIP,Early_Term
0,3977.5419641695507,65.5764487379212,0.7664640174331709,166.3283547458315,31.02,21.08,4.14,35.20045993675955,0.0
1,3765.5296692634483,68.5797372279261,3.338933727867813,636.5938312505801,82.36,19.98,7.66,38.78805189165055,0.0
2,3527.426145682424,51.831405330273356,1.2366756239439858,514.4566483344429,32.46,2.8,2.5,31.189172761406322,0.0
